phenotype,t_test,p_value
Phenotype_A,-114.69773028358523,0.0
Phenotype_B,330.70632143283626,0.0
Phenotype_C,270.9433502593497,0.0
Phenotype_D,44.893293039191555,0.0
Phenotype_E,-187.81503374517035,0.0
